fixture_id,kickoff_utc,home_team,away_team,goals_home,goals_away,lambda_home,lambda_away,p_home,p_draw,p_away,p_btts,p_over_2_5,result_1x2,result_ou_2_5,result_btts
592143,2020-09-12T11:30:00+00:00,Fulham,Arsenal,0,3,1.3526315789473684,1.3421052631578947,0.3731900862086287,0.2584747096840125,0.36833520410735854,0.5477015656574978,0.5050733744475169,A,Over,No
592142,2020-09-12T14:00:00+00:00,Crystal Palace,Southampton,1,0,1.3526315789473684,1.3421052631578947,0.3731900862086287,0.2584747096840125,0.36833520410735854,0.5477015656574978,0.5050733744475169,H,Under,No
592144,2020-09-12T16:30:00+00:00,Liverpool,Leeds,4,3,1.3526315789473684,1.3421052631578947,0.3731900862086287,0.2584747096840125,0.36833520410735854,0.5477015656574978,0.5050733744475169,H,Over,Yes
592148,2020-09-12T19:00:00+00:00,West Ham,Newcastle,0,2,1.3526315789473684,1.3421052631578947,0.3731900862086287,0.2584747096840125,0.36833520410735854,0.5477015656574978,0.5050733744475169,A,Under,No
592147,2020-09-13T13:00:00+00:00,West Brom,Leicester,0,3,1.3526315789473684,1.3421052631578947,0.3731900862086287,0.2584747096840125,0.36833520410735854,0.5477015656574978,0.5050733744475169,A,Over,No
592146,2020-09-13T15:30:00+00:00,Tottenham,Everton,0,1,1.3526315789473684,1.3421052631578947,0.3731900862086287,0.2584747096840125,0.36833520410735854,0.5477015656574978,0.5050733744475169,A,Under,No
592150,2020-09-14T17:00:00+00:00,Sheffield Utd,Wolves,0,2,1.3526315789473684,1.3421052631578947,0.3731900862086287,0.2584747096840125,0.36833520410735854,0.5477015656574978,0.5050733744475169,A,Under,No
592149,2020-09-14T19:15:00+00:00,Brighton,Chelsea,1,3,1.3526315789473684,1.3421052631578947,0.3731900862086287,0.2584747096840125,0.36833520410735854,0.5477015656574978,0.5050733744475169,A,Over,Yes
592154,2020-09-19T11:30:00+00:00,Everton,West Brom,5,2,1.3526315789473684,1.3421052631578947,0.3731900862086287,0.2584747096840125,0.36833520410735854,0.5477015656574978,0.5050733744475169,H,Over,Yes
592155,2020-09-19T14:00:00+00:00,Leeds,Fulham,4,3,1.3526315789473684,1.3421052631578947,0.3731900862086287,0.2584747096840125,0.36833520410735854,0.5477015656574978,0.5050733744475169,H,Over,Yes
592157,2020-09-19T16:30:00+00:00,Manchester United,Crystal Palace,1,3,1.3526315789473684,1.3421052631578947,0.3731900862086287,0.2584747096840125,0.36833520410735854,0.5477015656574978,0.5050733744475169,A,Over,Yes
592151,2020-09-19T19:00:00+00:00,Arsenal,West Ham,2,1,1.3526315789473684,1.3421052631578947,0.3731900862086287,0.2584747096840125,0.36833520410735854,0.5477015656574978,0.5050733744475169,H,Over,Yes
592159,2020-09-20T11:00:00+00:00,Southampton,Tottenham,2,5,1.3526315789473684,1.3421052631578947,0.3731900862086287,0.2584747096840125,0.36833520410735854,0.5477015656574978,0.5050733744475169,A,Over,Yes
592158,2020-09-20T13:00:00+00:00,Newcastle,Brighton,0,3,1.3526315789473684,1.3421052631578947,0.3731900862086287,0.2584747096840125,0.36833520410735854,0.5477015656574978,0.5050733744475169,A,Over,No
592153,2020-09-20T15:30:00+00:00,Chelsea,Liverpool,0,2,1.3526315789473684,1.3421052631578947,0.3731900862086287,0.2584747096840125,0.36833520410735854,0.5477015656574978,0.5050733744475169,A,Under,No
592156,2020-09-20T18:00:00+00:00,Leicester,Burnley,4,2,1.3526315789473684,1.3421052631578947,0.3731900862086287,0.2584747096840125,0.36833520410735854,0.5477015656574978,0.5050733744475169,H,Over,Yes
592152,2020-09-21T17:00:00+00:00,Aston Villa,Sheffield Utd,1,0,1.3526315789473684,1.3421052631578947,0.3731900862086287,0.2584747096840125,0.36833520410735854,0.5477015656574978,0.5050733744475169,H,Under,No
592160,2020-09-21T19:15:00+00:00,Wolves,Manchester City,1,3,1.3526315789473684,1.3421052631578947,0.3731900862086287,0.2584747096840125,0.36833520410735854,0.5477015656574978,0.5050733744475169,A,Over,Yes
592161,2020-09-26T11:30:00+00:00,Brighton,Manchester United,2,3,1.0,1.3421052631578947,0.2788692286005307,0.27545137020612953,0.4456794011933397,0.4669483784286418,0.41508749093482916,A,Over,Yes
592163,2020-09-26T14:00:00+00:00,Crystal Palace,Everton,1,2,1.0,1.0,0.34574549158873163,0.3085090168225368,0.34574549158873163,0.3995758775747293,0.3233220610182434,A,Over,Yes
592169,2020-09-26T16:30:00+00:00,West Brom,Chelsea,3,3,0.0,3.0,0.0,0.04997713100032351,0.9500228689996764,0.0,0.5751943864972501,D,Over,Yes
592162,2020-09-26T19:00:00+00:00,Burnley,Southampton,0,1,1.3526315789473684,0.0,0.7414378313177098,0.25856216868229015,0.0,0.0,0.15516422920124118,A,Under,No
592167,2020-09-27T11:00:00+00:00,Sheffield Utd,Leeds,0,1,0.0,3.0,0.0,0.04997713100032351,0.9500228689996764,0.0,0.5751943864972501,A,Under,No
592168,2020-09-27T13:00:00+00:00,Tottenham,Newcastle,1,1,0.0,2.0,0.0,0.13536742587021916,0.8646325741297809,0.0,0.3231628706489042,D,Under,Yes
592166,2020-09-27T15:30:00+00:00,Manchester City,Leicester,2,5,1.3526315789473684,3.0,0.14398997275833078,0.14973121838080036,0.7062788088608688,0.7043828956933487,0.8084241580847478,A,Over,Yes
592170,2020-09-27T18:00:00+00:00,West Ham,Wolves,4,0,0.0,2.0,0.0,0.13536742587021916,0.8646325741297809,0.0,0.3231628706489042,H,Over,No
592164,2020-09-28T16:45:00+00:00,Fulham,Aston Villa,0,3,0.0,1.3421052631578947,0.0,0.2612980582821037,0.7387019417178963,0.0,0.152681331090062,A,Over,No
592165,2020-09-28T19:00:00+00:00,Liverpool,Arsenal,3,1,4.0,3.0,0.5659835745986713,0.14751807494256602,0.2864983504587627,0.9322427487611349,0.969601278675313,H,Over,Yes
592173,2020-10-03T11:30:00+00:00,Chelsea,Crystal Palace,4,0,0.0,3.0,0.0,0.04997713100032351,0.9500228689996764,0.0,0.5751943864972501,H,Over,No
592174,2020-10-03T14:00:00+00:00,Everton,Brighton,4,2,5.0,3.0,0.6827868097577291,0.12173858224218559,0.1954746080000854,0.9431539345468806,0.9851846986262544,H,Over,Yes
592175,2020-10-03T16:30:00+00:00,Leeds,Manchester City,1,1,4.0,3.0,0.5659835745986713,0.14751807494256602,0.2864983504587627,0.9322427487611349,0.969601278675313,D,Under,Yes
592178,2020-10-03T19:00:00+00:00,Newcastle,Burnley,3,1,0.0,2.0,0.0,0.13536742587021916,0.8646325741297809,0.0,0.3231628706489042,H,Over,Yes
592179,2020-10-04T11:00:00+00:00,Southampton,West Brom,2,0,2.0,2.0,0.3964498888166399,0.20710022236671985,0.39644988881663984,0.7475894882462907,0.7617835801725191,H,Under,No
592176,2020-10-04T11:00:00+00:00,Leicester,West Ham,0,3,4.0,1.0,0.8739261597521458,0.0778142014133939,0.04825963883446017,0.6202897221192943,0.8726267093067404,A,Over,No
592180,2020-10-04T13:00:00+00:00,Wolves,Fulham,1,0,1.0,3.0,0.09422041729670481,0.1316222986473057,0.7741572840559894,0.6005285936001182,0.7609874637537102,H,Under,No
592171,2020-10-04T13:00:00+00:00,Arsenal,Sheffield Utd,2,1,2.0,0.0,0.8646325741297809,0.13536742587021916,0.0,0.0,0.3231628706489042,H,Over,Yes
592177,2020-10-04T15:30:00+00:00,Manchester United,Tottenham,1,6,1.0,5.0,0.02505500504978851,0.04537152492159264,0.929573470028619,0.6275497371829957,0.9335031109850817,A,Over,Yes
592172,2020-10-04T18:15:00+00:00,Aston Villa,Liverpool,7,2,1.0,2.0,0.1826272197625292,0.2117626044483336,0.6056101757891373,0.5465516680348296,0.5767089333651927,H,Over,Yes
592183,2020-10-17T11:30:00+00:00,Everton,Liverpool,2,2,4.5,2.0,0.7768370251191142,0.10534281465451491,0.11782016022637071,0.8546244746696019,0.9551482197713709,D,Over,Yes
592181,2020-10-17T14:00:00+00:00,Chelsea,Southampton,3,3,2.0,0.5,0.7309240511100757,0.18716419868645873,0.08191175020346576,0.34020640673215136,0.4560577246083857,D,Over,Yes
592186,2020-10-17T16:30:00+00:00,Manchester City,Arsenal,1,0,2.0,2.0,0.3964498888166399,0.20710022236671985,0.39644988881663984,0.7475894882462907,0.7617835801725191,H,Under,No
592187,2020-10-17T19:00:00+00:00,Newcastle,Manchester United,1,4,1.5,3.0,0.16648602657289036,0.1555820430278703,0.6779319303992395,0.738038234527603,0.8257544602218723,A,Over,Yes
592188,2020-10-18T11:00:00+00:00,Sheffield Utd,Fulham,1,1,0.0,1.5,0.0,0.2231363490178736,0.7768636509821265,0.0,0.19113073481020823,D,Under,Yes
592182,2020-10-18T13:00:00+00:00,Crystal Palace,Brighton,1,1,1.0,2.5,0.1314507107680977,0.16844066669360297,0.7001086225382995,0.5801733311643269,0.6787861751456965,D,Under,Yes
592189,2020-10-18T15:30:00+00:00,Tottenham,West Ham,3,3,0.5,2.0,0.08191175020346575,0.18716419868645873,0.7309240511100756,0.3402064067321513,0.45605772460838573,D,Over,Yes
592185,2020-10-18T18:15:00+00:00,Leicester,Aston Villa,0,1,2.0,3.0,0.24775282900770298,0.168401602060594,0.5838455689317029,0.8214207187053498,0.8748424018459883,A,Under,No
592190,2020-10-19T16:30:00+00:00,West Brom,Burnley,0,0,1.5,1.5,0.37849308311058133,0.24301383377883723,0.37849308311058144,0.603517132217279,0.5767864428492763,D,Under,No
592184,2020-10-19T19:00:00+00:00,Leeds,Wolves,0,1,2.5,1.0,0.7001086225382995,0.16844066669360297,0.13145071076809767,0.5801733311643268,0.6787861751456964,A,Under,No
592192,2020-10-23T19:00:00+00:00,Aston Villa,Leeds,0,3,4.0,2.0,0.7242410885820939,0.12466531652398116,0.15109359489392474,0.8484505730097713,0.9366633902484715,A,Over,No
592199,2020-10-24T11:30:00+00:00,West Ham,Manchester City,1,1,2.0,2.0,0.3964498888166399,0.20710022236671985,0.39644988881663984,0.7475894882462907,0.7617835801725191,D,Under,Yes
592195,2020-10-24T14:00:00+00:00,Fulham,Crystal Palace,1,2,0.0,1.5,0.0,0.2231363490178736,0.7768636509821265,0.0,0.19113073481020823,A,Over,Yes
592197,2020-10-24T16:30:00+00:00,Manchester United,Chelsea,0,0,1.0,3.0,0.09422041729670481,0.1316222986473057,0.7741572840559894,0.6005285936001182,0.7609874637537102,D,Under,No
592196,2020-10-24T19:00:00+00:00,Liverpool,Sheffield Utd,2,1,3.5,0.5,0.9071565079699098,0.06811025115372236,0.02473324087636771,0.38146910755899577,0.7595222990390471,H,Over,Yes
592198,2020-10-25T14:00:00+00:00,Southampton,Everton,2,0,2.0,1.5,0.4934558279412569,0.21624030054777577,0.29030387151096737,0.6717016182965357,0.679067697413324,H,Under,No
592200,2020-10-25T16:30:00+00:00,Wolves,Newcastle,1,1,1.0,1.5,0.2522130963717924,0.25985487390251155,0.4879320297256962,0.49107116361796616,0.45617118867843914,D,Under,Yes
592191,2020-10-25T19:15:00+00:00,Arsenal,Leicester,0,1,2.0,4.0,0.15109359489392477,0.12466531652398116,0.7242410885820939,0.8484505730097712,0.9366633902484717,A,Under,No
592193,2020-10-26T17:30:00+00:00,Brighton,West Brom,1,1,1.5,1.0,0.4879320297256962,0.25985487390251155,0.25221309637179234,0.49107116361796616,0.4561711886784392,D,Under,Yes
592194,2020-10-26T20:00:00+00:00,Burnley,Tottenham,0,1,0.0,5.5,0.0,0.004569509614980818,0.9954304903850191,0.0,0.9011843545760397,A,Under,No
592210,2020-10-30T20:00:00+00:00,Wolves,Crystal Palace,2,0,1.0,1.6666666666666667,0.2266537243043264,0.2434883633203506,0.5298579123753232,0.5127206964587857,0.4981435114543159,H,Under,No
592208,2020-10-31T12:30:00+00:00,Sheffield Utd,Manchester City,0,1,0.3333333333333333,1.6666666666666667,0.0689150829872911,0.22164526766203446,0.7094396493506746,0.22992506251200437,0.3232817845925488,A,Under,No
592202,2020-10-31T15:00:00+00:00,Burnley,Chelsea,0,3,0.0,2.0,0.0,0.13536742587021916,0.8646325741297809,0.0,0.3231628706489042,A,Over,No
592205,2020-10-31T17:30:00+00:00,Liverpool,West Ham,2,1,3.0,2.3333333333333335,0.5242486676683582,0.1715684408188244,0.30418289151281735,0.8578318978933461,0.9003092484262792,H,Over,Yes
592201,2020-11-01T12:00:00+00:00,Aston Villa,Southampton,3,4,2.6666666666666665,1.3333333333333333,0.6574727048392363,0.1703767142726671,0.17215058088809648,0.6851420127489593,0.7614738152135847,A,Over,Yes
592207,2020-11-01T14:00:00+00:00,Newcastle,Everton,2,1,1.3333333333333333,1.0,0.4432596917257555,0.2763164920970753,0.28042381617716905,0.4654932275152091,0.4127736587804608,H,Over,Yes
592206,2020-11-01T16:30:00+00:00,Manchester United,Arsenal,0,1,0.6666666666666666,1.3333333333333333,0.18658916042557744,0.28516171124347073,0.5282491283309516,0.35831958232432176,0.32331601883787314,A,Under,No
592209,2020-11-01T19:15:00+00:00,Tottenham,Brighton,2,1,1.3333333333333333,2.0,0.25422658598779957,0.21656223642756342,0.529211177584637,0.6367153630533486,0.6471361269865374,H,Over,Yes
592203,2020-11-02T17:30:00+00:00,Fulham,West Brom,2,0,0.3333333333333333,1.0,0.1216097793250763,0.35906231390727367,0.5193279067676501,0.17918626898464537,0.15063048804840717,H,Under,No
592204,2020-11-02T20:00:00+00:00,Leeds,Leicester,1,4,1.6666666666666667,3.0,0.1928591322018911,0.16102602331543522,0.6461148444826734,0.7705756429114846,0.8437148298733643,A,Over,Yes
592212,2020-11-06T17:30:00+00:00,Brighton,Burnley,0,0,1.3333333333333333,1.0,0.4432596917257555,0.2763164920970753,0.28042381617716905,0.4654932275152091,0.4127736587804608,D,Under,No
592218,2020-11-06T20:00:00+00:00,Southampton,Newcastle,2,0,2.0,1.3333333333333333,0.5292111775846371,0.21656223642756342,0.25422658598779957,0.6367153630533489,0.6471361269865376,H,Under,No
592215,2020-11-07T12:30:00+00:00,Everton,Manchester United,1,3,3.6666666666666665,3.5,0.445817457517919,0.15505520685245108,0.39912733562963,0.9443931650746455,0.9732655717472649,A,Over,Yes
592214,2020-11-07T15:00:00+00:00,Crystal Palace,Leeds,4,1,1.0,2.3333333333333335,0.14676031755871996,0.18220651824521747,0.6710331641960625,0.5707787057356558,0.6469730717036889,H,Over,Yes
592213,2020-11-07T17:30:00+00:00,Chelsea,Sheffield Utd,4,1,2.3333333333333335,0.6666666666666666,0.7478358252455277,0.16321207596724097,0.08895209878723127,0.4393644748185618,0.5765095529080133,H,Over,Yes
592220,2020-11-07T20:00:00+00:00,West Ham,Fulham,1,0,1.6666666666666667,1.3333333333333333,0.4532719363553677,0.23939198443243132,0.307336079212201,0.5973033538887988,0.5767790631772515,H,Under,No
592219,2020-11-08T12:00:00+00:00,West Brom,Tottenham,0,1,1.0,4.0,0.04825963883446017,0.0778142014133939,0.8739261597521457,0.6202897221192942,0.87262670930674,A,Under,No
592216,2020-11-08T14:00:00+00:00,Leicester,Wolves,1,0,1.3333333333333333,1.0,0.4432596917257555,0.2763164920970753,0.28042381617716905,0.4654932275152091,0.4127736587804608,H,Under,No
592217,2020-11-08T16:30:00+00:00,Manchester City,Liverpool,1,1,1.5,2.0,0.29030387151096737,0.21624030054777577,0.4934558279412569,0.6717016182965357,0.6790676974133237,D,Under,Yes
592211,2020-11-08T19:15:00+00:00,Arsenal,Aston Villa,0,3,1.3333333333333333,2.0,0.25422658598779957,0.21656223642756342,0.529211177584637,0.6367153630533486,0.6471361269865374,A,Over,No
592227,2020-11-21T12:30:00+00:00,Newcastle,Chelsea,0,2,1.5,2.25,0.2533289419892869,0.20117528392149794,0.5454957740892151,0.6949377603211983,0.7227713789810739,A,Under,No
592221,2020-11-21T15:00:00+00:00,Aston Villa,Brighton,1,2,2.75,1.75,0.588540002503317,0.17631423774157756,0.23514575975510552,0.7732783335641484,0.8260305586831321,A,Over,Yes
592229,2020-11-21T17:30:00+00:00,Tottenham,Manchester City,2,0,1.5,1.5,0.37849308311058133,0.24301383377883723,0.37849308311058144,0.603517132217279,0.5767864428492763,H,Under,No
592226,2020-11-21T20:00:00+00:00,Manchester United,West Brom,1,0,0.5,0.75,0.21978950433348268,0.4044462442640875,0.3757642514024301,0.20760756367967145,0.13153223982177215,H,Under,No
592223,2020-11-22T12:00:00+00:00,Fulham,Everton,2,3,0.75,1.0,0.2657951521058571,0.3306765634029728,0.4035282844911704,0.33352769959769285,0.25602938892022264,A,Over,Yes
592228,2020-11-22T14:00:00+00:00,Sheffield Utd,West Ham,0,1,0.25,2.0,0.037727248193943574,0.16510312969430985,0.7971696221117468,0.1912560483228091,0.3905160126521917,A,Under,No
592224,2020-11-22T16:30:00+00:00,Leeds,Arsenal,0,0,1.5,1.25,0.4304039696272449,0.25317365292667143,0.31642237744608376,0.5542869947691779,0.5185267101785056,D,Under,No
592225,2020-11-22T19:15:00+00:00,Liverpool,Leicester,3,0,2.75,3.25,0.339745613541106,0.16489871124095792,0.4953556752179361,0.8994138644444055,0.9375038316301986,H,Over,No
592222,2020-11-23T17:30:00+00:00,Burnley,Crystal Palace,1,0,0.0,1.25,0.0,0.28650671959173596,0.7134932804082641,0.0,0.1315265062375504,H,Under,No
592230,2020-11-23T20:00:00+00:00,Wolves,Southampton,1,1,1.25,2.0,0.2361997217638778,0.2160879972091823,0.5477122810269396,0.6169095316636986,0.6303430773961101,D,Under,Yes
592234,2020-11-27T20:00:00+00:00,Crystal Palace,Newcastle,0,2,1.75,1.0,0.5497985853158718,0.23540210733972353,0.2147993073444052,0.5222643558330283,0.5184998931194145,A,Under,No
592232,2020-11-28T12:30:00+00:00,Brighton,Liverpool,1,1,1.0,1.75,0.2147993073444052,0.23540210733972353,0.5497985853158714,0.5222643558330281,0.5184998931194142,D,Under,Yes
592237,2020-11-28T15:00:00+00:00,Manchester City,Burnley,5,0,1.3333333333333333,0.75,0.5058530869760427,0.2838445510542998,0.21030236196965743,0.3885491944453462,0.3458593267513168,H,Over,No
592235,2020-11-28T17:30:00+00:00,Everton,Leeds,0,1,3.0,2.0,0.583845568931703,0.168401602060594,0.24775282900770296,0.8214207187053497,0.8748424018459884,A,Under,No
592239,2020-11-28T20:00:00+00:00,West Brom,Sheffield Utd,1,0,0.75,0.75,0.3162831566710974,0.36743368665780535,0.3162831566710974,0.2783970020265411,0.1911529986297966,H,Under,No
592238,2020-11-29T14:00:00+00:00,Southampton,Manchester United,2,3,2.0,3.3333333333333335,0.21041794074289313,0.15347105184552307,0.6361110074115837,0.8335592594431237,0.9000001428448796,A,Over,Yes
592233,2020-11-29T16:30:00+00:00,Chelsea,Tottenham,0,0,2.75,3.25,0.339745613541106,0.16489871124095792,0.4953556752179361,0.8994138644444055,0.9375038316301986,D,Under,No
592231,2020-11-29T19:15:00+00:00,Arsenal,Wolves,1,2,1.0,0.75,0.4035282844911704,0.3306765634029728,0.26579515210585697,0.33352769959769296,0.2560293889202227,A,Over,Yes
592236,2020-11-30T17:30:00+00:00,Leicester,Fulham,1,2,1.25,1.0,0.4198940644431968,0.2845102036416559,0.2955957319151474,0.4510134757891347,0.39065595809496595,A,Over,Yes
592240,2020-11-30T20:00:00+00:00,West Ham,Aston Villa,2,1,1.5,2.3333333333333335,0.24196839704002565,0.1960553825550247,0.5619762204049497,0.7014761874396294,0.7362504364215074,H,Over,Yes
592243,2020-12-05T12:30:00+00:00,Burnley,Everton,1,1,0.25,1.4,0.06423417425355205,0.26538702815514637,0.6703787975913019,0.16665127308147465,0.22962725557976207,D,Under,Yes
592246,2020-12-05T15:00:00+00:00,Manchester City,Fulham,2,0,2.25,1.2,0.6103234594041972,0.19605139446719488,0.19362514612860782,0.6251103544964779,0.6696223673265487,H,Under,No
592250,2020-12-05T17:30:00+00:00,West Ham,Manchester United,1,3,1.6,3.25,0.15868901068177937,0.1452891709907496,0.696021818327471,0.7669529315133011,0.8612533598742513,A,Over,Yes
592244,2020-12-05T20:00:00+00:00,Chelsea,Leeds,3,1,2.2,1.8,0.47483718862863805,0.20356822320974682,0.32159458816161507,0.7421540156754366,0.7617587018579094,H,Over,Yes
592249,2020-12-06T12:00:00+00:00,West Brom,Crystal Palace,1,5,0.8,1.0,0.2822240067625748,0.32645855701510107,0.3913174362223241,0.34809020371443894,0.26937796006851294,A,Over,Yes
592247,2020-12-06T14:15:00+00:00,Sheffield Utd,Leicester,1,2,0.2,2.6,0.017173972343281448,0.09693158067227364,0.8858944469844445,0.16778568191053683,0.5298472216567496,A,Over,Yes
592248,2020-12-06T16:30:00+00:00,Tottenham,Arsenal,2,0,1.6,1.0,0.5134160171292727,0.2500103386813081,0.23657364418941926,0.5044914974130555,0.48154631540625603,H,Under,No
592245,2020-12-06T19:15:00+00:00,Liverpool,Wolves,4,0,2.8,1.0,0.7467884275162645,0.14552765924706837,0.10768391323666705,0.593587136773416,0.7304472558929535,H,Over,No
592242,2020-12-07T20:00:00+00:00,Brighton,Southampton,1,2,1.0,1.8,0.2079675636530955,0.23059332082813966,0.5614391155187651,0.5276199193763935,0.5304942625617698,A,Over,Yes
592255,2020-12-11T20:00:00+00:00,Leeds,West Ham,1,2,1.2,1.8,0.25421555183400285,0.2314167691199746,0.5143676790460227,0.5832800685154267,0.5767614144867639,A,Over,Yes
592260,2020-12-12T12:30:00+00:00,Wolves,Aston Villa,0,1,1.2,2.0,0.22540866058137213,0.21558308224911593,0.5590082571695121,0.6042089820175187,0.6200041840342049,A,Under,No
592258,2020-12-12T15:00:00+00:00,Newcastle,West Brom,2,1,1.2,0.6,0.5071984884574661,0.3075315297960883,0.18526998174644568,0.3152923737039908,0.26937535223848413,H,Over,Yes
592257,2020-12-12T17:30:00+00:00,Manchester United,Manchester City,0,0,0.6,1.2,0.18526998174644568,0.3075315297960883,0.507198488457466,0.31529237370399077,0.2693753522384839,D,Under,No
592253,2020-12-12T20:00:00+00:00,Everton,Chelsea,1,0,2.4,2.2,0.4402342044985655,0.19143463687539028,0.3683311586260443,0.8084138087141708,0.8371445217059702,H,Under,No
592259,2020-12-13T12:00:00+00:00,Southampton,Sheffield Utd,3,0,2.0,0.6,0.7049873741153435,0.19403222540594445,0.10098040047871217,0.3901121488102782,0.48144728670477616,H,Over,No
592252,2020-12-13T14:15:00+00:00,Crystal Palace,Tottenham,1,1,1.4,2.6,0.19081113835455202,0.17693998981130396,0.632248871834144,0.6973580479745543,0.7615382346308905,D,Under,Yes
592254,2020-12-13T16:30:00+00:00,Fulham,Liverpool,1,1,1.0,1.6,0.23657364418941923,0.2500103386813081,0.5134160171292728,0.5044914974130551,0.481546315406256,D,Under,Yes
592251,2020-12-13T19:15:00+00:00,Arsenal,Burnley,0,1,1.0,0.6,0.4422445328745011,0.34246342076341135,0.21529204636208787,0.285205248341675,0.2166406160458487,A,Under,No
592256,2020-12-13T19:15:00+00:00,Leicester,Brighton,3,0,1.2,1.8,0.25421555183400285,0.2314167691199746,0.5143676790460227,0.5832800685154267,0.5767614144867639,H,Over,No
592268,2020-12-15T18:00:00+00:00,Wolves,Chelsea,2,1,1.0,1.8333333333333333,0.20352671608553546,0.22740779764157823,0.5690654862728867,0.5310442318744177,0.5383955358918954,H,Over,Yes
592270,2020-12-15T20:00:00+00:00,Manchester City,West Brom,1,1,2.2,0.6666666666666666,0.7252630077841986,0.1764709257755969,0.09826606644020457,0.43264261691074435,0.5460715480461722,D,Under,Yes
592261,2020-12-16T18:00:00+00:00,Arsenal,Southampton,1,1,0.8333333333333334,1.8333333333333333,0.16589357650161296,0.2237941610975552,0.6103122624008318,0.47499404044496335,0.49811186259257295,D,Under,Yes
592265,2020-12-16T18:00:00+00:00,Leicester,Everton,0,2,1.5,1.3333333333333333,0.41248959025584847,0.25011799816745556,0.33739241157669597,0.5720823345984525,0.5384361331306478,A,Under,No
592264,2020-12-16T18:00:00+00:00,Leeds,Newcastle,5,2,1.1666666666666667,1.2,0.3524296704340028,0.27887484889642306,0.36869548066957414,0.4811935598169683,0.4215536023969649,H,Over,Yes
592263,2020-12-16T20:00:00+00:00,Fulham,Brighton,0,0,1.0,1.5,0.2522130963717924,0.25985487390251155,0.4879320297256962,0.49107116361796616,0.45617118867843914,D,Under,No
592269,2020-12-16T20:00:00+00:00,Liverpool,Tottenham,2,1,3.0,2.3333333333333335,0.5242486676683582,0.1715684408188244,0.30418289151281735,0.8578318978933461,0.9003092484262792,H,Over,Yes
592267,2020-12-16T20:00:00+00:00,West Ham,Crystal Palace,1,1,1.5,1.6666666666666667,0.34686327062594363,0.23483059259376574,0.41830613678029077,0.6301239968469841,0.613061471740558,D,Under,Yes
592262,2020-12-17T18:00:00+00:00,Aston Villa,Burnley,0,0,2.4,0.6666666666666666,0.758467559725747,0.15690672057105223,0.08462571970320067,0.4424029774014222,0.5912265438992091,D,Under,No
592266,2020-12-17T20:00:00+00:00,Sheffield Utd,Manchester United,2,3,0.3333333333333333,3.2,0.018579900139159337,0.07012369430081501,0.9112964055600258,0.27184747559511246,0.683465365180599,A,Over,Yes
592274,2020-12-19T12:30:00+00:00,Crystal Palace,Liverpool,0,7,1.3333333333333333,1.5,0.3373924115766959,0.25011799816745556,0.4124895902558484,0.5720823345984525,0.538436133130648,A,Over,No
592278,2020-12-19T15:00:00+00:00,Southampton,Manchester City,0,1,2.1666666666666665,1.0,0.6395685298065347,0.19666720562764417,0.16376426456582116,0.5596746624039612,0.6129325529837635,A,Under,No
592275,2020-12-19T17:30:00+00:00,Everton,Arsenal,2,1,2.1666666666666665,0.8333333333333334,0.6789779123322431,0.18946596072492594,0.131556126942831,0.5006026113711657,0.5766313990307231,H,Over,Yes
592277,2020-12-19T20:00:00+00:00,Newcastle,Fulham,1,1,1.3333333333333333,1.0,0.4432596917257555,0.2763164920970753,0.28042381617716905,0.4654932275152091,0.4127736587804608,D,Under,Yes
592271,2020-12-20T12:00:00+00:00,Brighton,Sheffield Utd,1,1,1.0,0.5,0.46986904291240683,0.34944072931436865,0.18069022777322458,0.248719895074736,0.19115225656557425,D,Under,Yes
592279,2020-12-20T14:15:00+00:00,Tottenham,Leicester,0,2,1.6666666666666667,2.5,0.2517875490657484,0.18840962507344572,0.5598028258608059,0.744456537834305,0.7850563424176625,A,Under,No
592276,2020-12-20T16:30:00+00:00,Manchester United,Leeds,6,2,0.5,1.6666666666666667,0.1067592118803187,0.23186828964653944,0.6613724984731422,0.3191479891125934,0.3682962420884767,H,Over,Yes
592280,2020-12-20T19:15:00+00:00,West Brom,Aston Villa,0,3,0.8333333333333334,1.8,0.16976536557956862,0.2274365064322414,0.6027981279881899,0.47193115428303006,0.4898499094643176,A,Over,No
592272,2020-12-21T17:30:00+00:00,Burnley,Wolves,2,1,0.4,0.8333333333333334,0.16679950624651957,0.39682488116463344,0.436375612588847,0.1864016001463986,0.12782039369880996,H,Over,Yes
592273,2020-12-21T20:00:00+00:00,Chelsea,West Ham,3,0,2.3333333333333335,1.8333333333333333,0.494989638470999,0.19738704575651686,0.3076233157724845,0.7585761713079836,0.785135318572077,H,Over,No
592285,2020-12-26T12:30:00+00:00,Leicester,Manchester United,2,2,1.2857142857142858,3.1666666666666665,0.1211199726930161,0.13651714557707686,0.7423628817299068,0.6928875850512525,0.820029693106559,D,Over,Yes
592283,2020-12-26T15:00:00+00:00,Fulham,Southampton,0,0,0.8571428571428571,1.7142857142857142,0.18576906829066117,0.23738894057247412,0.576841991136865,0.47195310680523145,0.4743340308599559,D,Under,No
592282,2020-12-26T15:00:00+00:00,Aston Villa,Crystal Palace,3,0,2.0,1.5714285714285714,0.47864984747745165,0.21562908774166717,0.30572106478088107,0.6849996159129386,0.6920769175127724,H,Over,No
592281,2020-12-26T17:30:00+00:00,Arsenal,Chelsea,3,1,0.8571428571428571,1.7142857142857142,0.18576906829066117,0.23738894057247412,0.576841991136865,0.47195310680523145,0.4743340308599559,H,Over,Yes
592287,2020-12-26T20:00:00+00:00,Manchester City,Newcastle,2,0,2.0,1.3333333333333333,0.5292111775846371,0.21656223642756342,0.25422658598779957,0.6367153630533489,0.6471361269865376,H,Under,No
592288,2020-12-26T20:00:00+00:00,Sheffield Utd,Everton,0,1,0.5714285714285714,1.4285714285714286,0.14819126222157225,0.27051756400415755,0.5812911737742701,0.33096413315865697,0.32331068710427946,A,Under,No
592284,2020-12-27T12:00:00+00:00,Leeds,Burnley,1,0,1.7142857142857142,0.5714285714285714,0.6524305524537399,0.22856757582431966,0.11900187172194046,0.3568849707602171,0.4001235565884891,H,Under,No
592289,2020-12-27T14:15:00+00:00,West Ham,Brighton,2,2,1.4285714285714286,1.2857142857142858,0.4044923586915538,0.2566380100843015,0.3388696312241445,0.5501431122054882,0.509855048701759,D,Over,Yes
592286,2020-12-27T16:30:00+00:00,Liverpool,West Brom,1,1,2.857142857142857,0.7142857142857143,0.8115082287217937,0.12266829246345215,0.06582347881475438,0.4810597353301103,0.6913052281785521,D,Under,Yes
592290,2020-12-27T19:15:00+00:00,Wolves,Tottenham,1,1,1.1428571428571428,2.142857142857143,0.19506096786556987,0.20306306294110413,0.6018759691933258,0.6011560576233713,0.637554079525485,D,Under,Yes
592294,2020-12-28T15:00:00+00:00,Crystal Palace,Leicester,1,1,1.1428571428571428,2.4285714285714284,0.16316205638513492,0.18041008697363928,0.656427856641226,0.6209892500978798,0.6918730597278712,D,Under,Yes
592293,2020-12-28T17:30:00+00:00,Chelsea,Aston Villa,1,1,2.4285714285714284,2.0,0.48186856199204725,0.19256389349465844,0.3255675445132943,0.7883328903967892,0.8180135525560555,D,Under,Yes
592298,2020-12-29T18:00:00+00:00,Southampton,West Ham,0,0,1.8571428571428572,1.5714285714285714,0.44735470391730536,0.22317744981479026,0.3294678462679046,0.6685429706217757,0.6656796046167325,D,Under,No
592292,2020-12-29T18:00:00+00:00,Burnley,Sheffield Utd,1,0,0.6666666666666666,0.5714285714285714,0.32422118704603514,0.41136300359398426,0.26441580935998055,0.21180069847275745,0.1288772002547034,H,Under,No
592291,2020-12-29T18:00:00+00:00,Brighton,Arsenal,0,1,1.0,0.8571428571428571,0.37777145684157837,0.32149108525634124,0.3007374579020804,0.36386543456937726,0.28472343271035994,A,Under,No
592300,2020-12-29T18:00:00+00:00,West Brom,Leeds,0,5,0.7142857142857143,1.7142857142857142,0.15207198794722485,0.2340398809386817,0.6138881311140935,0.4185216738135541,0.4376950017871481,A,Over,No
592296,2020-12-29T20:00:00+00:00,Manchester United,Wolves,1,0,1.2857142857142858,0.8571428571428571,0.4646694133011075,0.2869088465078182,0.2484217401910739,0.416491842639047,0.36192184346024747,H,Under,No
592297,2020-12-30T20:00:00+00:00,Newcastle,Liverpool,0,0,1.2857142857142858,2.2857142857142856,0.2061037326419777,0.19549526818811316,0.5984009991699091,0.6499139128994017,0.6919704299606726,D,Under,No
592305,2021-01-01T17:30:00+00:00,Everton,West Ham,0,1,2.142857142857143,1.375,0.5503040750837809,0.20698050517334166,0.24271541974287755,0.659466844691554,0.6823147400711826,A,Under,No
592306,2021-01-01T20:00:00+00:00,Manchester United,Aston Villa,2,1,1.25,1.8571428571428572,0.25700350699338903,0.2268787975518977,0.5161176954547132,0.602088703880027,0.6003231131727095,H,Over,Yes
592309,2021-01-02T12:30:00+00:00,Tottenham,Leeds,3,0,1.4285714285714286,2.125,0.2563608597916134,0.20855525508183945,0.5350838851265474,0.6695008660120767,0.6888275415233591,H,Over,No
592304,2021-01-02T15:00:00+00:00,Crystal Palace,Sheffield Utd,2,0,1.125,0.5,0.5119585845155736,0.3242599652159328,0.16378145026849364,0.26572817554689754,0.22311964636117443,H,Under,No
592301,2021-01-02T17:30:00+00:00,Brighton,Wolves,3,3,0.875,0.75,0.3610552034583596,0.3489468109661883,0.28999798557545226,0.30768299051152653,0.22312153056811104,D,Over,Yes
592310,2021-01-02T20:00:00+00:00,West Brom,Arsenal,0,4,0.625,0.875,0.24550270813148256,0.3628867656388371,0.39161052622968023,0.27100663153858084,0.19115284504704025,A,Over,No
592307,2021-01-03T14:15:00+00:00,Newcastle,Leicester,1,2,1.125,2.25,0.17900226542535835,0.19387029124223484,0.6271274433324068,0.6041264070084572,0.6552222052637754,A,Over,Yes
592303,2021-01-03T16:30:00+00:00,Chelsea,Manchester City,1,3,2.25,1.0,0.6556062645560182,0.18935323448147284,0.15504050096250926,0.5654585038028912,0.630229519356471,A,Over,Yes
592308,2021-01-04T20:00:00+00:00,Southampton,Liverpool,1,0,1.625,2.0,0.3172485191576105,0.21499997423966064,0.467751506602729,0.6943676371259367,0.7015689408903982,H,Under,No
592316,2021-01-12T18:00:00+00:00,Sheffield Utd,Newcastle,1,0,0.5,1.1428571428571428,0.1614960593643671,0.32078624946787887,0.5177176911677538,0.2679889726391573,0.22777133980645878,H,Under,No
592318,2021-01-12T20:15:00+00:00,Wolves,Everton,1,2,1.125,1.375,0.3068491795453083,0.2674768716061873,0.42567394884850457,0.5045898125205794,0.4561776028143858,A,Over,Yes
592141,2021-01-12T20:15:00+00:00,Burnley,Manchester United,0,1,0.7142857142857143,3.0,0.05923527440429718,0.11264287845921812,0.8281218471364843,0.4849470644070166,0.7158961009978356,A,Under,No
592320,2021-01-13T18:00:00+00:00,Manchester City,Brighton,1,0,2.0,1.375,0.5201152736396395,0.21663506594032142,0.2632496604200393,0.646016127713863,0.6553261337425167,H,Under,No
592299,2021-01-13T20:15:00+00:00,Tottenham,Fulham,1,1,1.625,1.0,0.5196329011530066,0.24755987722771783,0.23280722161927603,0.507641956270466,0.48780156723369267,D,Under,Yes
592311,2021-01-14T20:00:00+00:00,Arsenal,Crystal Palace,0,0,1.125,1.375,0.3068491795453083,0.2674768716061873,0.42567394884850457,0.5045898125205794,0.4561776028143858,D,Under,No
592330,2021-01-16T12:30:00+00:00,Wolves,West Brom,2,3,1.1111111111111112,0.75,0.43937968674352956,0.31471454211568095,0.24590577114078963,0.35393972589572503,0.2857910221383205,A,Over,Yes
592329,2021-01-16T15:00:00+00:00,West Ham,Burnley,1,0,1.5,0.5,0.6206331333009023,0.2575379934629948,0.12182887323610282,0.3056720266263981,0.3233048127968239,H,Under,No
592324,2021-01-16T15:00:00+00:00,Leeds,Brighton,0,1,1.625,1.2222222222222223,0.46768219634298674,0.2447482691397695,0.28756953451724354,0.5665103015171131,0.5417003285092625,A,Under,No
592323,2021-01-16T17:30:00+00:00,Fulham,Chelsea,0,1,0.75,1.625,0.17099847687892428,0.2459797927247191,0.5830217303963566,0.42373091919818384,0.42371670447959187,A,Under,No
592325,2021-01-16T20:00:00+00:00,Leicester,Southampton,2,0,1.375,1.5,0.3477777321230705,0.2484587889001866,0.4037634789767432,0.5804389778794031,0.5482112044904763,H,Under,No
592328,2021-01-17T14:00:00+00:00,Sheffield Utd,Tottenham,1,3,0.5555555555555556,2.0,0.09242091341456142,0.19111061003244395,0.716468476552995,0.36854667285622106,0.47023077557557635,A,Over,Yes
592326,2021-01-17T16:30:00+00:00,Liverpool,Manchester United,0,0,2.625,2.75,0.39070431495365127,0.17704946254472073,0.43224622250162775,0.8680272165262907,0.9032205742883633,D,Under,No
592327,2021-01-17T19:15:00+00:00,Manchester City,Crystal Palace,4,0,1.875,1.2222222222222223,0.5264264800771145,0.22552230575511673,0.24805121416776893,0.5972272693948797,0.5981734204719003,H,Over,No
592321,2021-01-18T20:00:00+00:00,Arsenal,Newcastle,3,0,1.0,1.0,0.34574549158873163,0.3085090168225368,0.34574549158873163,0.3995758775747293,0.3233220610182434,H,Over,No
592317,2021-01-19T18:00:00+00:00,West Ham,West Brom,2,1,1.4444444444444444,1.0,0.4733468809853774,0.2653422660993249,0.26131085291529793,0.48301439576701233,0.44184673541873665,H,Over,Yes
592315,2021-01-19T20:15:00+00:00,Leicester,Chelsea,2,0,1.4444444444444444,1.5555555555555556,0.3542787007563857,0.242609515980663,0.40311178326295144,0.602828129333896,0.5767856381037749,H,Under,No
592145,2021-01-20T18:00:00+00:00,Manchester City,Aston Villa,2,0,2.111111111111111,1.75,0.4663487956328383,0.20809395791746654,0.32555724644969525,0.7261186722543678,0.7407175936336503,H,Under,No
592313,2021-01-20T20:15:00+00:00,Fulham,Manchester United,1,2,0.6666666666666666,2.4444444444444446,0.08185711157968371,0.15282046699468066,0.7653224214256356,0.4443186287614066,0.6008468838096581,A,Over,Yes
592319,2021-01-21T20:00:00+00:00,Liverpool,Burnley,0,1,2.3333333333333335,0.4444444444444444,0.7998983843539832,0.14553237093562715,0.0545692447103901,0.32399947175013216,0.5248953885031328,A,Under,No
592241,2021-01-23T20:00:00+00:00,Aston Villa,Newcastle,2,0,2.142857142857143,0.8888888888888888,0.6611364554303812,0.1943731612829889,0.14449038328662947,0.5197728116373179,0.583722237338506,H,Under,No
592337,2021-01-26T18:00:00+00:00,Newcastle,Leeds,1,2,1.1111111111111112,1.8888888888888888,0.22110177830516295,0.2237513644142153,0.5551468572806219,0.5693376990034986,0.5767425364911587,A,Over,Yes
592340,2021-01-26T18:00:00+00:00,Crystal Palace,West Ham,2,3,1.2222222222222223,1.3333333333333333,0.34074026054626927,0.2660961484570032,0.39316359099672754,0.5194738248414508,0.47034769580850855,A,Over,Yes
592338,2021-01-26T20:15:00+00:00,Southampton,Arsenal,1,3,1.5555555555555556,1.2222222222222223,0.450511528296332,0.24997953022910438,0.29950894147456353,0.5565228481467448,0.5252122861695246,A,Over,Yes
592335,2021-01-26T20:15:00+00:00,West Brom,Manchester City,0,5,0.5555555555555556,1.25,0.16510880166677974,0.29995608557074244,0.534935112762478,0.3041240666469121,0.27086215923624873,A,Over,No
592332,2021-01-27T18:00:00+00:00,Burnley,Aston Villa,3,2,0.625,1.5555555555555556,0.1479385600932293,0.2525919998075788,0.5994694400991918,0.3666416281925732,0.37204485649075475,H,Over,Yes
592336,2021-01-27T18:00:00+00:00,Chelsea,Wolves,0,0,2.111111111111111,1.0,0.6285310136878746,0.20163212290377638,0.16983686340834916,0.5555414656369854,0.6010970617065806,D,Under,No
592331,2021-01-27T19:30:00+00:00,Brighton,Fulham,0,0,1.1111111111111112,1.0,0.37944173819952265,0.29799094105699914,0.3225673207434782,0.42403007832313117,0.3533655804647522,D,Under,No
592334,2021-01-27T20:15:00+00:00,Manchester United,Sheffield Utd,1,2,1.3333333333333333,0.4444444444444444,0.5918461907433119,0.28502450109880023,0.12312930815788775,0.2642347345873847,0.2634275919008783,A,Over,Yes
592333,2021-01-27T20:15:00+00:00,Everton,Leicester,1,1,1.875,2.2222222222222223,0.33323262799326897,0.20184754853789377,0.4649198234688371,0.7548292352508403,0.7756524826394494,D,Under,Yes
592339,2021-01-28T20:00:00+00:00,Tottenham,Liverpool,1,3,1.5555555555555556,1.7777777777777777,0.3397180060659891,0.22757734082214953,0.43270465311186157,0.6555688194716514,0.647175610492011,A,Over,Yes
592345,2021-01-30T12:30:00+00:00,Everton,Newcastle,0,2,1.7777777777777777,0.8,0.606238929817114,0.229015245890375,0.16474582429251122,0.4575909154073169,0.47592491614246574,A,Under,No
592347,2021-01-30T15:00:00+00:00,Manchester City,Sheffield Utd,1,0,2.1,0.6,0.7237888156132329,0.18266371817277727,0.09354746621399004,0.39591879784212713,0.506208942316355,H,Under,No
592344,2021-01-30T15:00:00+00:00,Crystal Palace,Wolves,1,0,1.3,0.9,0.45809182368757384,0.2836726460070829,0.25823553030534335,0.43170008695640816,0.3772802636455633,H,Under,No
592349,2021-01-30T15:00:00+00:00,West Brom,Fulham,2,2,0.5,0.8888888888888888,0.19714663104602426,0.37311454253626,0.4297388264177157,0.23170918770599733,0.1638231716773553,D,Over,Yes
592341,2021-01-30T17:30:00+00:00,Arsenal,Manchester United,0,0,1.2,2.4,0.17660868068978852,0.18463668412471723,0.6387546351854945,0.6353555350724279,0.6969904966784652,D,Under,No
592348,2021-01-30T20:00:00+00:00,Southampton,Aston Villa,0,1,1.5,1.6,0.35923734875198143,0.23821583835004947,0.402546812897969,0.6200104675329565,0.5988075213058938,A,Under,No
592343,2021-01-31T12:00:00+00:00,Chelsea,Burnley,2,0,1.9,0.5,0.7116077369189677,0.19969471102600708,0.08869755205502523,0.3346090521219864,0.43019811972362126,H,Under,No
592346,2021-01-31T14:00:00+00:00,Leicester,Leeds,1,3,1.5,1.9,0.3063687913465425,0.22205313287216602,0.47157807578129146,0.6606502327981207,0.6601951489399507,A,Over,Yes
592350,2021-01-31T16:30:00+00:00,West Ham,Liverpool,1,3,1.5,1.9,0.3063687913465425,0.22205313287216602,0.47157807578129146,0.6606502327981207,0.6601951489399507,A,Over,Yes
592342,2021-01-31T19:15:00+00:00,Brighton,Tottenham,1,0,1.0,2.111111111111111,0.16983686340834916,0.20163212290377638,0.6285310136878746,0.5555414656369856,0.6010970617065808,H,Under,No
592356,2021-02-02T18:00:00+00:00,Wolves,Arsenal,2,1,1.2,1.4,0.32205357199848117,0.26234844320761386,0.41559798479390525,0.5264784928031623,0.4815594603093989,H,Over,Yes
592355,2021-02-02T18:00:00+00:00,Sheffield Utd,West Brom,2,1,0.6,1.0,0.21529204636208787,0.34246342076341135,0.4422445328745011,0.2852052483416748,0.2166406160458487,H,Over,Yes
592357,2021-02-02T20:15:00+00:00,Manchester United,Southampton,9,0,1.3,1.3333333333333333,0.3612737833041391,0.2619227407845524,0.3768034759113086,0.5357056996356748,0.48989568157225566,H,Over,No
592358,2021-02-02T20:15:00+00:00,Newcastle,Crystal Palace,1,2,1.1,1.1,0.3543406264229091,0.29131874715418205,0.3543406264229091,0.4450599130233393,0.3772832272751852,A,Over,Yes
592353,2021-02-03T18:00:00+00:00,Fulham,Leicester,0,2,0.7,2.1,0.11213880643156345,0.18900459539545839,0.6988565981729782,0.4417475040237155,0.530387885761317,A,Under,No
592352,2021-02-03T18:00:00+00:00,Burnley,Manchester City,0,2,0.8888888888888888,1.6666666666666667,0.19961698956782253,0.24300847459730204,0.5573745358348755,0.47765417423009315,0.4703236276079137,A,Under,No
592354,2021-02-03T19:30:00+00:00,Leeds,Everton,1,2,1.4444444444444444,1.4444444444444444,0.3758439701068477,0.2483120597863042,0.3758439701068478,0.5838763539336508,0.551442958696973,A,Over,Yes
592360,2021-02-03T20:15:00+00:00,Liverpool,Brighton,0,1,2.1,1.2,0.5801296376481431,0.20771293652544381,0.2121574258264131,0.613202368947831,0.6404505091303802,A,Under,No
592351,2021-02-03T20:15:00+00:00,Aston Villa,West Ham,1,3,2.125,1.5,0.5199577268680148,0.2087812121125681,0.27126106101941716,0.6840464505768185,0.7015372013883452,A,Over,Yes
592359,2021-02-04T20:00:00+00:00,Tottenham,Chelsea,0,1,1.5,1.4,0.3986009857614853,0.24742406775220774,0.353974946486307,0.5852883127181842,0.5540171674134218,A,Under,No
592361,2021-02-06T12:30:00+00:00,Aston Villa,Arsenal,1,0,2.0,1.3636363636363635,0.5225856704716544,0.21662573180656372,0.260788597721782,0.6435178769703004,0.6531061784403124,H,Under,No
592367,2021-02-06T15:00:00+00:00,Newcastle,Southampton,3,2,1.0909090909090908,1.2,0.3311150484911594,0.2838179216180786,0.38506702989076214,0.4640677452359139,0.401544720624239,H,Over,Yes
592362,2021-02-06T15:00:00+00:00,Burnley,Brighton,1,1,0.8,1.1818181818181819,0.24917386625841154,0.3023532773975151,0.4484728563440733,0.3817681255105756,0.31839938027610615,D,Under,Yes
592363,2021-02-06T17:30:00+00:00,Fulham,West Ham,0,0,0.6363636363636364,1.6363636363636365,0.14197687726774208,0.24171346483295117,0.6163096578993068,0.3791258120328738,0.3966838613178351,D,Under,No
592366,2021-02-06T20:00:00+00:00,Manchester United,Everton,3,3,2.0,1.5,0.4934558279412569,0.21624030054777577,0.29030387151096737,0.6717016182965357,0.679067697413324,D,Over,Yes
592369,2021-02-07T12:00:00+00:00,Tottenham,West Brom,2,0,1.3636363636363635,1.0,0.45158644575368384,0.2733264891334716,0.2750870651128446,0.47046644528591625,0.4207541559206607,H,Under,No
592370,2021-02-07T14:00:00+00:00,Wolves,Leicester,0,0,1.2727272727272727,2.090909090909091,0.22853002718321416,0.20952997274076754,0.5619400000760182,0.6309366741082841,0.6530770267872994,D,Under,No
592365,2021-02-07T16:30:00+00:00,Liverpool,Manchester City,1,4,1.9090909090909092,1.7,0.43319856930785083,0.21797157952687707,0.3488298511652722,0.6961461998690314,0.6987869524299178,A,Over,Yes
592368,2021-02-07T19:15:00+00:00,Sheffield Utd,Chelsea,1,2,0.7272727272727273,1.3636363636363635,0.19948528112353936,0.28008133250340367,0.5204333863730571,0.38461871917489715,0.34790472735187233,A,Over,Yes
592364,2021-02-08T20:00:00+00:00,Leeds,Crystal Palace,2,0,1.4,1.1818181818181819,0.4196049520359115,0.2631180942440149,0.31727695372007353,0.5223150573656176,0.47698569046309025,H,Under,No
592731,2021-02-13T12:30:00+00:00,Leicester,Liverpool,3,1,1.4545454545454546,2.0,0.2804729118724911,0.21648665433821124,0.5030404337892973,0.6627308461829515,0.6705782048765264,H,Over,Yes
592729,2021-02-13T15:00:00+00:00,Crystal Palace,Burnley,0,3,1.2727272727272727,0.45454545454545453,0.5712093929822457,0.29647738804875184,0.13231321896900264,0.26296460112788517,0.24998711986529307,A,Over,No
592732,2021-02-13T17:30:00+00:00,Manchester City,Tottenham,3,0,2.0,1.9,0.4146092271135578,0.20974037604191467,0.3756503968445275,0.7352895333196903,0.7467733904179878,H,Over,No
592727,2021-02-13T20:00:00+00:00,Brighton,Aston Villa,0,0,1.0,1.5454545454545454,0.24498888617186973,0.25537299689667003,0.4996381169314604,0.4973379928737679,0.4677734335038352,D,Under,No
592733,2021-02-14T12:00:00+00:00,Southampton,Wolves,1,2,1.3636363636363635,0.8181818181818182,0.49660181282088073,0.27851649857924804,0.22488168859987126,0.41587189128149366,0.3723985232048685,A,Over,Yes
592734,2021-02-14T14:00:00+00:00,West Brom,Manchester United,1,1,0.6363636363636364,2.1818181818181817,0.09423393887650457,0.17632733637776624,0.7294387247457291,0.4176413442868973,0.5346630764842264,D,Under,Yes
592726,2021-02-14T16:30:00+00:00,Arsenal,Leeds,4,2,1.0909090909090908,2.0,0.20197812714334284,0.21387061848686859,0.5841512543697884,0.5741923382437701,0.5967691884712709,H,Over,Yes
592730,2021-02-14T19:00:00+00:00,Everton,Fulham,0,2,1.6,1.0,0.5134160171292727,0.2500103386813081,0.23657364418941926,0.5044914974130555,0.48154631540625603,A,Under,No
592735,2021-02-15T18:00:00+00:00,West Ham,Sheffield Utd,3,0,1.4545454545454546,0.5454545454545454,0.5956577613770468,0.2659853256225732,0.13835691300037994,0.3222483730302003,0.3233087654054022,H,Over,No
592728,2021-02-15T20:00:00+00:00,Chelsea,Newcastle,2,0,1.9090909090909092,0.9090909090909091,0.6081288761717385,0.21803462680493793,0.17383649702332382,0.5085938683646614,0.5347901362648536,H,Under,No
592302,2021-02-17T18:00:00+00:00,Burnley,Fulham,1,1,0.8181818181818182,1.0909090909090908,0.2709165994243039,0.31312333473556897,0.4159600658401274,0.3710704274277692,0.298732755345194,D,Under,Yes
592295,2021-02-17T20:15:00+00:00,Everton,Manchester City,1,3,1.4545454545454546,1.9090909090909092,0.2947991627576827,0.22206067573778993,0.4831401615045272,0.6528640469287161,0.6531268484793001,A,Over,Yes
592745,2021-02-19T20:00:00+00:00,Wolves,Leeds,1,0,1.1666666666666667,2.0,0.21823030772082008,0.21515058658283948,0.5666191056963406,0.5953821572294138,0.6130027090587729,H,Under,No
592743,2021-02-20T12:30:00+00:00,Southampton,Chelsea,1,1,1.3333333333333333,1.4166666666666667,0.35335806361698335,0.2552029689990219,0.39143896738399464,0.5578042355401256,0.5185293358225699,D,Under,Yes
592739,2021-02-20T15:00:00+00:00,Burnley,West Brom,0,0,0.8333333333333334,0.9166666666666666,0.30991462554475535,0.33412619997205695,0.355959174483188,0.3393258893878904,0.256029704300581,D,Under,No
592741,2021-02-20T17:30:00+00:00,Liverpool,Everton,0,2,1.8333333333333333,1.6363636363636365,0.42903799438687834,0.22287422588539704,0.34808777972772476,0.6765350235539767,0.673452965342825,A,Under,No
592740,2021-02-20T20:00:00+00:00,Fulham,Sheffield Utd,1,0,0.5833333333333334,0.5,0.30504784213380204,0.44462036066988686,0.25033179719631093,0.17389961589978123,0.09625029123477706,H,Under,No
592744,2021-02-21T12:00:00+00:00,West Ham,Tottenham,2,1,1.5833333333333333,1.7272727272727273,0.3551265615866543,0.22926517328513155,0.41560826512821414,0.6534173373411882,0.6426552588761139,H,Over,Yes
592737,2021-02-21T14:05:00+00:00,Aston Villa,Leicester,1,2,1.9,1.9166666666666667,0.39049226535020737,0.21245390996243663,0.39705382468735617,0.7252932764721921,0.7336947390692394,A,Over,Yes
592736,2021-02-21T16:30:00+00:00,Arsenal,Manchester City,0,1,1.3333333333333333,2.0,0.25422658598779957,0.21656223642756342,0.529211177584637,0.6367153630533486,0.6471361269865374,A,Under,No
592742,2021-02-21T19:00:00+00:00,Manchester United,Newcastle,3,1,2.0833333333333335,0.8333333333333334,0.6628823006360558,0.1976815621560477,0.13943613720789627,0.49497855295469323,0.5577419974126999,H,Over,Yes
592738,2021-02-22T20:00:00+00:00,Brighton,Crystal Palace,1,2,0.9166666666666666,1.0833333333333333,0.3029037707815534,0.3070164728016746,0.3900797564167722,0.3970196211421319,0.3233217561463679,A,Over,Yes
592314,2021-02-23T18:00:00+00:00,Leeds,Southampton,3,0,1.4545454545454546,1.2727272727272727,0.4139180438683125,0.2554645465029842,0.3306174096287032,0.5518188227511499,0.5130181323007007,H,Over,No
592751,2021-02-27T12:30:00+00:00,Manchester City,West Ham,2,1,2.0833333333333335,1.5,0.5112297100728566,0.21128731761707722,0.2774829723100661,0.6801020555280233,0.6941853450945777,H,Over,Yes
592755,2021-02-27T15:00:00+00:00,West Brom,Brighton,1,0,0.6666666666666666,1.1666666666666667,0.21076950142522857,0.3106056016569639,0.4786248969178074,0.33505880065269034,0.27831775903054407,H,Under,No
592749,2021-02-27T17:30:00+00:00,Leeds,Aston Villa,0,1,1.5833333333333333,1.4166666666666667,0.4155503641703564,0.2421047845589598,0.3423448512706838,0.6019663779349077,0.5767846268217504,A,Under,No
592752,2021-02-27T20:00:00+00:00,Newcastle,Wolves,1,1,1.25,0.9166666666666666,0.43971075201831084,0.2885746977233417,0.2717145502583475,0.42820308084775877,0.36833067402872527,D,Under,Yes
592750,2021-02-28T12:00:00+00:00,Leicester,Arsenal,1,3,1.5833333333333333,1.25,0.45124579191850933,0.2471976318747837,0.30155657620670673,0.5670143504180225,0.538431635444828,A,Over,Yes
592747,2021-02-28T12:00:00+00:00,Crystal Palace,Fulham,0,0,1.1666666666666667,1.0833333333333333,0.3772156986847206,0.2871078376181545,0.3356764636971248,0.45552927497007006,0.3906570579049426,D,Under,No
592754,2021-02-28T14:00:00+00:00,Tottenham,Burnley,4,0,1.4166666666666667,0.6666666666666666,0.5514992047517352,0.2729746879034611,0.17552610734480356,0.3685741555777834,0.34585497843558777,H,Over,No
592746,2021-02-28T16:30:00+00:00,Chelsea,Manchester United,0,0,1.9166666666666667,2.0833333333333335,0.3646970518470881,0.20648368059582486,0.428819267557087,0.7466484134883004,0.761779304382925,D,Under,No
592753,2021-02-28T19:15:00+00:00,Sheffield Utd,Liverpool,0,2,0.75,1.9166666666666667,0.13880811659163014,0.21157726288669174,0.6496146205216782,0.45000686361211645,0.4980875729158032,A,Under,No
592748,2021-03-01T20:00:00+00:00,Everton,Southampton,1,0,1.4166666666666667,1.1666666666666667,0.4273525456438209,0.262441167588366,0.3102062867678132,0.5215936481805263,0.4773669860595299,H,Under,No
592781,2021-03-02T20:00:00+00:00,Manchester City,Wolves,4,1,2.076923076923077,0.9230769230769231,0.6399132597195408,0.202055387760842,0.15803135251961709,0.5271534014951842,0.5766777457345044,H,Over,Yes
592777,2021-03-03T18:00:00+00:00,Burnley,Leicester,1,1,0.7692307692307693,1.9230769230769231,0.1422339032461526,0.21168432887681676,0.6460817678770306,0.4581844885194333,0.5044007489408994,D,Under,Yes
592782,2021-03-03T18:00:00+00:00,Sheffield Utd,Aston Villa,1,0,0.6923076923076923,1.3846153846153846,0.1868208758964368,0.27748829449398177,0.5356908296095811,0.37447329720214534,0.34412448676003043,H,Under,No
592778,2021-03-03T20:15:00+00:00,Crystal Palace,Manchester United,0,0,1.0769230769230769,1.9230769230769231,0.208905580055978,0.2203353986283137,0.5707590213157082,0.5629706634981798,0.5767334852999176,D,Under,No
592818,2021-03-04T18:00:00+00:00,Fulham,Tottenham,0,1,0.6153846153846154,1.6666666666666667,0.13381810885140297,0.23688876184386914,0.629293129304728,0.37276063807273097,0.3991588464802255,A,Under,No
592784,2021-03-04T18:00:00+00:00,West Brom,Everton,0,1,0.6923076923076923,1.6666666666666667,0.1521405524306662,0.23938716023588005,0.6084722873334537,0.4052157403296313,0.4195010205552044,A,Under,No
592780,2021-03-04T20:15:00+00:00,Liverpool,Chelsea,0,1,1.6923076923076923,1.3846153846153846,0.44836116262607867,0.2365538119356988,0.3150850254382225,0.6115739753740327,0.5937869611672952,A,Under,No
592758,2021-03-06T12:30:00+00:00,Burnley,Arsenal,1,1,0.7857142857142857,1.3846153846153846,0.21269868918842932,0.27646354072375157,0.5108377700878194,0.40792377664210827,0.36931056030273046,D,Under,Yes
592762,2021-03-06T15:00:00+00:00,Sheffield Utd,Southampton,0,2,0.7142857142857143,1.0769230769230769,0.24041364673978158,0.3219162775222299,0.43767007573798866,0.33657438926101246,0.2670243834395372,A,Under,No
592756,2021-03-06T17:30:00+00:00,Aston Villa,Wolves,0,0,1.8181818181818181,0.9285714285714286,0.5830838787849235,0.2276892196043163,0.18922690161076028,0.5066855714618401,0.5177008050112254,D,Under,No
592757,2021-03-06T20:00:00+00:00,Brighton,Leicester,1,2,0.9230769230769231,1.8571428571428572,0.18314602713186798,0.22363033744840083,0.5932236354197311,0.5085989099793793,0.5257520913280737,A,Over,Yes
592764,2021-03-07T12:00:00+00:00,West Brom,Newcastle,0,0,0.6428571428571429,0.8461538461538461,0.25733975904491746,0.366041322364022,0.3766189185910607,0.2707455693571475,0.1883995311159675,D,Under,No
592760,2021-03-07T14:00:00+00:00,Liverpool,Fulham,0,1,1.5714285714285714,1.0,0.5062356304627663,0.2528168508371892,0.2409475187000445,0.5007931338877972,0.474352919693459,A,Under,No
592761,2021-03-07T16:30:00+00:00,Manchester City,Manchester United,0,2,2.2142857142857144,1.7857142857142858,0.4805072719806166,0.20304958065111806,0.31644314736826534,0.7413467248026978,0.7617549696325926,A,Under,No
592763,2021-03-07T19:15:00+00:00,Tottenham,Crystal Palace,4,1,1.6153846153846154,1.1538461538461537,0.4808600526559919,0.24677238277075983,0.2723675645732482,0.5484672220305645,0.5231546911005219,H,Over,Yes
592759,2021-03-08T18:00:00+00:00,Chelsea,Everton,2,0,1.7692307692307692,1.6153846153846154,0.4188050207278107,0.22637692588553815,0.35481805338665123,0.6645911860310107,0.6572332397816029,H,Under,No
592765,2021-03-08T20:00:00+00:00,West Ham,Leeds,2,0,1.6153846153846154,1.8461538461538463,0.3411655528781482,0.22277380416393627,0.43606064295791563,0.6746992627062957,0.671920915021009,H,Under,No
592822,2021-03-10T18:00:00+00:00,Manchester City,Southampton,5,2,2.066666666666667,1.1428571428571428,0.5862036321453069,0.20929288719362768,0.20450348066106494,0.5948353141541219,0.6219654055083085,H,Over,Yes
592773,2021-03-12T20:00:00+00:00,Newcastle,Aston Villa,1,1,1.2307692307692308,1.2857142857142858,0.35250250615369644,0.26888649020270816,0.3786110036435954,0.5122192750473448,0.4604004162958724,D,Under,Yes
592770,2021-03-13T12:30:00+00:00,Leeds,Chelsea,0,0,1.4615384615384615,1.3571428571428572,0.3978596692222249,0.2514602246347684,0.35068010614300665,0.5704037504980854,0.534971044122892,D,Under,No
592767,2021-03-13T15:00:00+00:00,Crystal Palace,West Brom,1,0,1.0,0.8461538461538461,0.3803430370885147,0.32245766712806995,0.2971992957834155,0.36090133284882703,0.2817662310116678,H,Under,No
592768,2021-03-13T17:30:00+00:00,Everton,Burnley,1,2,1.3846153846153846,0.6153846153846154,0.556862766922617,0.27767268681517654,0.1654645462622063,0.3444804614270896,0.3233134540479659,A,Over,Yes
592769,2021-03-13T20:00:00+00:00,Fulham,Manchester City,0,3,0.5714285714285714,1.9230769230769231,0.10130846185058442,0.20145204669676806,0.6972394914526475,0.3716512119730741,0.45467932132613864,A,Over,No
592774,2021-03-14T12:00:00+00:00,Southampton,Brighton,1,2,1.3076923076923077,1.0769230769230769,0.41831417277495325,0.2753549541967305,0.3063308730283162,0.4810367088761059,0.4262599831450186,A,Over,Yes
592771,2021-03-14T14:00:00+00:00,Leicester,Sheffield Utd,5,0,1.5384615384615385,0.46153846153846156,0.6415598862657919,0.24990552105136282,0.10853459268284496,0.29030825105190383,0.32330080062458794,H,Over,No
592766,2021-03-14T16:30:00+00:00,Arsenal,Tottenham,2,1,1.2307692307692308,1.6153846153846154,0.2912939186021797,0.2452937253096732,0.46341235608814696,0.5671769584972459,0.5414499648647526,H,Over,Yes
592772,2021-03-14T19:15:00+00:00,Manchester United,West Ham,1,0,2.1538461538461537,1.4615384615384615,0.534045073987241,0.20688555118817792,0.259069374824581,0.678949628149037,0.6998397247542767,H,Under,No
592775,2021-03-15T20:00:00+00:00,Wolves,Liverpool,0,1,1.1538461538461537,1.9230769230769231,0.22589306825707037,0.22129680878521082,0.5528101229577187,0.584504231434542,0.5937471999125447,A,Under,No
592779,2021-03-19T20:00:00+00:00,Fulham,Leeds,1,2,0.5333333333333333,1.7142857142857142,0.11032924001774605,0.22671718890777323,0.6629535710744806,0.3389062585093303,0.38997887664719433,A,Over,Yes
592776,2021-03-20T20:00:00+00:00,Brighton,Newcastle,3,0,0.9285714285714286,0.7857142857142857,0.37101659104199114,0.33748647909133395,0.29149692986667497,0.32918035728200473,0.24655199074207393,H,Over,No
592785,2021-03-21T15:00:00+00:00,West Ham,Arsenal,3,3,1.6428571428571428,1.3571428571428572,0.44244129491023265,0.24034915929069012,0.31720954579907723,0.5989547053213548,0.5767810510828268,D,Over,Yes
592312,2021-03-21T19:30:00+00:00,Aston Villa,Tottenham,0,2,1.6666666666666667,1.5714285714285714,0.40398758546224234,0.23246625539380156,0.36354615914395627,0.6425988624418598,0.627952237922934,A,Under,No
592788,2021-04-03T11:30:00+00:00,Chelsea,West Brom,2,5,1.7857142857142858,0.7857142857142857,0.611722451465522,0.22770135492195703,0.16057619361252123,0.4529455202850422,0.4743198499830642,A,Over,Yes
592790,2021-04-03T14:00:00+00:00,Leeds,Sheffield Utd,2,1,1.3571428571428572,0.42857142857142855,0.6033347152544046,0.28033912886451046,0.11632615588108511,0.25884190117324823,0.2655471458441691,H,Over,Yes
592791,2021-04-03T16:30:00+00:00,Leicester,Manchester City,0,2,1.7857142857142858,2.0,0.35156655801468045,0.2123100139161534,0.43612342806916626,0.7196383636516726,0.7286956437797573,A,Under,No
592786,2021-04-03T19:00:00+00:00,Arsenal,Liverpool,0,3,1.2857142857142858,1.8571428571428572,0.2651033667099071,0.22676852439398712,0.508128108896106,0.6105706457053917,0.6079855331742345,A,Over,No
592794,2021-04-04T11:00:00+00:00,Southampton,Burnley,3,2,1.2857142857142858,0.7142857142857143,0.5016495050151184,0.2912458493392886,0.20710464564559283,0.36933936994490657,0.3233178674145864,H,Over,Yes
592793,2021-04-04T13:05:00+00:00,Newcastle,Tottenham,2,2,1.2142857142857142,1.6,0.2898597238910393,0.2468171457920002,0.4633231303169605,0.5611212733786085,0.5339210744158788,D,Over,Yes
592787,2021-04-04T15:30:00+00:00,Aston Villa,Fulham,3,1,1.5384615384615385,1.0,0.49785047778505853,0.25606186676799336,0.24608765544694827,0.4963923180527927,0.46599567374452017,H,Over,Yes
592792,2021-04-04T18:30:00+00:00,Manchester United,Brighton,2,1,2.0714285714285716,1.1428571428571428,0.5871972620190502,0.2089016510219808,0.20390108695896905,0.5952446554823635,0.6229531976342131,H,Over,Yes
592789,2021-04-05T17:00:00+00:00,Everton,Crystal Palace,1,1,1.3571428571428572,1.1428571428571428,0.41688271399335125,0.26815796265071223,0.3149593233559364,0.5057802764962279,0.45617813628028026,D,Under,Yes
592795,2021-04-05T19:15:00+00:00,Wolves,West Ham,2,3,1.0714285714285714,1.3571428571428572,0.2956950120360036,0.27121911547053923,0.4330858724934571,0.48824602792548466,0.4377296541762341,A,Over,Yes
592799,2021-04-09T19:00:00+00:00,Fulham,Wolves,0,1,0.5625,0.8666666666666667,0.2240260259895643,0.3712938412746697,0.40468013273576603,0.2493751539072224,0.17359374746836287,A,Under,No
592801,2021-04-10T11:30:00+00:00,Manchester City,Leeds,1,2,2.25,1.7333333333333334,0.4979895557464542,0.20166893574941674,0.3003415085041291,0.7364689276847585,0.7592920766097838,A,Over,Yes
592800,2021-04-10T14:00:00+00:00,Liverpool,Aston Villa,2,1,1.4666666666666666,1.2666666666666666,0.41831598807623865,0.25488283513631244,0.3268011767874489,0.5525343010806036,0.5144904408273844,H,Over,Yes
592798,2021-04-10T16:30:00+00:00,Crystal Palace,Chelsea,1,4,1.0,1.2666666666666666,0.29250222801576947,0.2828759128300252,0.4246218591542054,0.4540067742025367,0.39509788046485833,A,Over,Yes
592797,2021-04-11T11:00:00+00:00,Burnley,Newcastle,1,2,0.8,0.7333333333333333,0.3382576500107875,0.3622522962417618,0.2994900537474508,0.2861807528783194,0.19956562054523316,A,Over,Yes
592805,2021-04-11T13:05:00+00:00,West Ham,Leicester,3,2,1.7333333333333334,1.8666666666666667,0.3635752842923511,0.21893786221533915,0.4174868534923097,0.6959603543587074,0.6971845957492269,H,Over,Yes
592803,2021-04-11T15:30:00+00:00,Tottenham,Manchester United,1,3,1.7857142857142858,1.8,0.3871690436659595,0.21987148847671276,0.3929594678573275,0.6947111455633851,0.6946506312053408,A,Over,Yes
592802,2021-04-11T18:00:00+00:00,Sheffield Utd,Arsenal,0,3,0.6666666666666666,1.4666666666666666,0.169195503788282,0.26583794817010614,0.5649665480416121,0.37432889253726703,0.3593463311651702,A,Over,No
592804,2021-04-12T17:00:00+00:00,West Brom,Southampton,3,0,0.6,1.2,0.18526998174644568,0.3075315297960883,0.507198488457466,0.31529237370399077,0.2693753522384839,H,Over,No
592796,2021-04-12T19:15:00+00:00,Brighton,Everton,0,0,1.0666666666666667,1.5,0.26949215082796224,0.2584801067424173,0.4720277424296204,0.5095025768701896,0.4731548527509088,D,Under,No
592809,2021-04-16T19:00:00+00:00,Everton,Tottenham,2,2,1.3333333333333333,1.625,0.31462133888800514,0.24213268614907937,0.4432459749629154,0.5913867826074659,0.5673834312355698,D,Over,Yes
592813,2021-04-17T11:30:00+00:00,Newcastle,West Ham,3,2,1.2666666666666666,1.4666666666666666,0.32680117678744885,0.25488283513631244,0.41831598807623854,0.5525343010806036,0.5144904408273843,H,Over,Yes
592815,2021-04-17T19:15:00+00:00,Wolves,Sheffield Utd,1,0,1.1333333333333333,0.4666666666666667,0.524405965235606,0.3236548514723566,0.1519391832920376,0.2528487903051349,0.21663909412126034,H,Under,No
592806,2021-04-18T12:30:00+00:00,Arsenal,Fulham,1,1,1.2,1.0,0.4055473978756895,0.2893950610616425,0.3050575410626678,0.4417282909340576,0.3772825236462171,D,Under,Yes
592812,2021-04-18T15:00:00+00:00,Manchester United,Burnley,3,1,2.066666666666667,0.8,0.6677438769699832,0.19780994007039848,0.1344461829596188,0.48093112526394777,0.5461481097394841,H,Over,Yes
592810,2021-04-19T19:00:00+00:00,Leeds,Liverpool,1,1,1.4,1.9333333333333333,0.2788781209242755,0.22097567836893928,0.5001462007067854,0.644388184427218,0.6471526080846194,D,Under,Yes
592808,2021-04-20T19:15:00+00:00,Chelsea,Brighton,0,0,1.8,1.1333333333333333,0.5297432512387897,0.23147119467174565,0.2387855540894645,0.5659490547758781,0.5616596766064001,D,Under,No
592783,2021-04-21T17:00:00+00:00,Tottenham,Southampton,2,1,1.7333333333333334,1.125,0.5160800550822556,0.23715080582319753,0.24676913909454662,0.5560067070024576,0.5442952556186696,H,Over,Yes
592807,2021-04-21T19:15:00+00:00,Aston Villa,Manchester City,1,2,1.6428571428571428,2.0,0.3210826870623702,0.21475916961840757,0.464158143319222,0.6973803619281851,0.7046826952885675,A,Over,Yes
592811,2021-04-22T19:00:00+00:00,Leicester,West Brom,3,0,1.6666666666666667,1.0666666666666667,0.5138251149296708,0.24329376148881357,0.2428811235815155,0.531964683358313,0.5144744777584591,H,Over,No
592816,2021-04-23T19:00:00+00:00,Arsenal,Everton,0,1,1.1875,1.4,0.3187711518955282,0.26287950664971127,0.4183493414547607,0.5236242730088732,0.4784170312009572,A,Under,No
592821,2021-04-24T11:30:00+00:00,Liverpool,Newcastle,1,1,1.5,0.8125,0.5349029394103447,0.2618380531839065,0.20325900740574904,0.4321324248024863,0.40725668688012406,D,Under,Yes
592824,2021-04-24T16:30:00+00:00,West Ham,Chelsea,0,1,1.8125,1.4375,0.46503242066108186,0.22813475734930408,0.30683282198961387,0.6379895238921776,0.6303832484999375,A,Under,No
592823,2021-04-24T19:00:00+00:00,Sheffield Utd,Brighton,1,0,0.625,1.0625,0.21369959333101082,0.3297833022292056,0.45651710443978344,0.30412891582360085,0.23947935380328544,H,Under,No
592825,2021-04-25T11:00:00+00:00,Wolves,Burnley,0,4,1.125,0.8125,0.4279683616855097,0.3090768052962322,0.2629548330182581,0.37566329541096694,0.3064101085075158,A,Over,No
592819,2021-04-25T13:00:00+00:00,Leeds,Manchester United,0,0,1.375,1.875,0.28247607303098016,0.22496637343233325,0.4925575535366869,0.6325596173242537,0.6303732771071716,D,Under,No
592817,2021-04-25T18:00:00+00:00,Aston Villa,West Brom,2,2,1.6,1.0,0.5134160171292727,0.2500103386813081,0.23657364418941926,0.5044914974130555,0.48154631540625603,D,Over,Yes
592820,2021-04-26T19:00:00+00:00,Leicester,Crystal Palace,2,1,1.75,1.1333333333333333,0.518073700546484,0.2357061629016241,0.24622013655189173,0.5602044344273089,0.5501292118495511,H,Over,Yes
592833,2021-04-30T19:00:00+00:00,Southampton,Leicester,1,1,1.4,1.875,0.2880959478452103,0.22473919837457654,0.4871648537802131,0.637844399199351,0.6354681028093113,D,Under,Yes
592829,2021-05-01T11:30:00+00:00,Crystal Palace,Manchester City,0,2,1.0,2.0,0.1826272197625292,0.2117626044483336,0.6056101757891373,0.5465516680348296,0.5767089333651927,A,Under,No
592826,2021-05-01T14:00:00+00:00,Brighton,Leeds,2,0,1.0,1.75,0.2147993073444052,0.23540210733972353,0.5497985853158714,0.5222643558330281,0.5184998931194142,H,Under,No
592828,2021-05-01T16:30:00+00:00,Chelsea,Fulham,2,0,1.6875,1.0,0.5349066147307558,0.24145922054814578,0.22363416472109837,0.515181745666287,0.5032742695066643,H,Under,No
592830,2021-05-01T19:00:00+00:00,Everton,Aston Villa,1,2,1.375,1.25,0.39821919577811377,0.261843088433871,0.3399377157880151,0.5330913730877125,0.4878175900875743,A,Over,Yes
592832,2021-05-02T13:00:00+00:00,Newcastle,Arsenal,0,2,1.375,1.5625,0.33605943188097476,0.24476909491312474,0.4191714732059003,0.5905383108253484,0.5626397405704509,A,Under,No
592834,2021-05-02T18:15:00+00:00,Tottenham,Sheffield Utd,4,0,1.75,0.4375,0.697670976968447,0.21602653483318685,0.08630248819836621,0.2927689383284974,0.37387685087028627,H,Over,No
592835,2021-05-03T17:00:00+00:00,West Brom,Wolves,1,1,0.75,0.875,0.2899979855754522,0.3489468109661883,0.36105520345835956,0.30768299051152653,0.22312153056811113,D,Under,Yes
592827,2021-05-03T19:15:00+00:00,Burnley,West Ham,1,2,0.8125,1.5,0.20325900740574904,0.2618380531839065,0.5349029394103447,0.43213242480248637,0.407256686880124,A,Over,Yes
592840,2021-05-07T19:00:00+00:00,Leicester,Newcastle,2,4,1.7647058823529411,0.8235294117647058,0.5972088664835743,0.23109893612910173,0.17169219738732408,0.46502628534961354,0.47856344494593905,A,Over,Yes
592839,2021-05-08T11:30:00+00:00,Leeds,Tottenham,3,1,1.2941176470588236,1.6470588235294117,0.30129026269016856,0.24161184616362733,0.4570978911462041,0.5860384808064345,0.5634741541791439,H,Over,Yes
592843,2021-05-08T14:00:00+00:00,Sheffield Utd,Crystal Palace,0,2,0.6470588235294118,1.125,0.21104243519120008,0.31814602864634633,0.4708115361624537,0.3217462706701217,0.2619067479349754,A,Under,No
592842,2021-05-08T16:30:00+00:00,Manchester City,Chelsea,1,2,2.176470588235294,1.411764705882353,0.5492942082702276,0.20507686538405953,0.24562892634571298,0.6704519464831459,0.6950266769435374,A,Over,Yes
592841,2021-05-08T19:15:00+00:00,Liverpool,Southampton,2,0,1.4705882352941178,1.1176470588235294,0.45254408503621535,0.25972125553502695,0.2877346594287574,0.5183094766458376,0.4785991064988219,H,Under,No
592845,2021-05-09T11:00:00+00:00,Wolves,Brighton,2,1,1.0588235294117647,1.0,0.36373041259328986,0.30297762378875603,0.3332919636179542,0.4128602555942476,0.33923893467595145,H,Over,Yes
592837,2021-05-09T13:05:00+00:00,Aston Villa,Manchester United,1,3,1.625,1.7647058823529411,0.3578110205250324,0.22630347935879602,0.41588550011617154,0.6655484172650215,0.6582203754785485,A,Over,Yes
592844,2021-05-09T15:30:00+00:00,West Ham,Everton,0,1,1.7058823529411764,1.375,0.45361839769158363,0.23592002308942542,0.3104615792189909,0.6114541453650983,0.59464905013505,A,Under,No
592836,2021-05-09T18:00:00+00:00,Arsenal,West Brom,3,1,1.1176470588235294,1.0588235294117647,0.36835465865549055,0.2930313478564078,0.33861399348810167,0.4395281388462365,0.3709676195607712,H,Over,Yes
592838,2021-05-10T19:00:00+00:00,Fulham,Burnley,0,2,0.5294117647058824,1.0,0.19093912290870454,0.3474720716854538,0.46158880540584163,0.2598321555532701,0.19857061229378228,A,Under,No
592849,2021-05-11T17:00:00+00:00,Manchester United,Leicester,1,2,2.125,1.8235294117647058,0.4549735003189183,0.2065133696447776,0.338513130036304,0.7383412154512087,0.7541375686900371,A,Over,Yes
592814,2021-05-11T19:15:00+00:00,Southampton,Crystal Palace,3,1,1.375,1.1764705882352942,0.41418328679032207,0.2652576740066822,0.3205590392029958,0.5167587277535233,0.46931061948065234,H,Over,Yes
592851,2021-05-12T19:15:00+00:00,Chelsea,Arsenal,0,1,1.7058823529411764,1.588235294117647,0.40972761396288115,0.230104043137251,0.3601683428998676,0.6511850957247659,0.6393488196624487,A,Under,No
592322,2021-05-13T17:00:00+00:00,Aston Villa,Everton,0,0,1.588235294117647,1.3529411764705883,0.4301186317893434,0.24391873397500086,0.32596263423565597,0.5900297952675018,0.5634784874989407,D,Under,No
592831,2021-05-13T19:15:00+00:00,Manchester United,Liverpool,2,4,2.0588235294117645,1.875,0.43152549024789905,0.2082181920820976,0.3602563176700034,0.7385582654430538,0.7519295075156386,A,Over,Yes
592852,2021-05-14T19:00:00+00:00,Newcastle,Manchester City,3,4,1.2941176470588236,2.0,0.24573865493649458,0.21639483899638592,0.5378665060671196,0.6276004167479966,0.6393019925827196,A,Over,Yes
592847,2021-05-15T11:30:00+00:00,Burnley,Leeds,0,4,0.8235294117647058,1.6470588235294117,0.1862662908486187,0.24447979224217295,0.5692539169092083,0.45303340722193675,0.44858914475338724,A,Over,No
592853,2021-05-15T14:00:00+00:00,Southampton,Fulham,3,1,1.4705882352941178,0.9411764705882353,0.49459648001000744,0.26390219080968547,0.24150132918030706,0.46969457394897357,0.4333480673415154,H,Over,Yes
592846,2021-05-15T19:00:00+00:00,Brighton,West Ham,1,1,1.0588235294117647,1.5294117647058822,0.26260268311650514,0.2559544373627134,0.4814428795207816,0.5116207817332824,0.4785952531722242,D,Under,Yes
592855,2021-05-16T11:00:00+00:00,Crystal Palace,Aston Villa,3,2,0.9411764705882353,1.2941176470588236,0.27091561372134343,0.28270774982817437,0.44637663645048226,0.44265080854505645,0.38672834459694316,H,Over,Yes
592854,2021-05-16T13:05:00+00:00,Tottenham,Wolves,2,0,1.8823529411764706,0.8823529411764706,0.6088908407416737,0.2200076322121285,0.17110152704619788,0.4969412678543795,0.5220178026908153,H,Under,No
592850,2021-05-16T15:30:00+00:00,West Brom,Liverpool,1,2,0.7647058823529411,2.0,0.13372376350409357,0.2031218802978417,0.663154356198065,0.4621712960616609,0.5219773901026868,A,Over,Yes
592848,2021-05-16T18:00:00+00:00,Everton,Sheffield Utd,0,1,1.3529411764705883,0.4117647058823529,0.6072229499772176,0.2807734047760993,0.11200364524668321,0.2502770085325812,0.2599381939815731,A,Under,No
592861,2021-05-18T17:00:00+00:00,Manchester United,Fulham,1,1,2.0555555555555554,0.9444444444444444,0.6304511152674476,0.20485857768316953,0.16469030704938267,0.5328469292005572,0.5766871390667134,D,Under,Yes
592863,2021-05-18T17:00:00+00:00,Southampton,Leeds,0,2,1.5555555555555556,1.7777777777777777,0.3397180060659891,0.22757734082214953,0.43270465311186157,0.6555688194716514,0.647175610492011,A,Under,No
592856,2021-05-18T18:00:00+00:00,Brighton,Manchester City,3,2,1.0555555555555556,2.111111111111111,0.18108770765689905,0.2033770087312687,0.615535283611832,0.5730132706795058,0.612959860677203,H,Over,Yes
592858,2021-05-18T19:15:00+00:00,Chelsea,Leicester,2,1,1.6111111111111112,1.8333333333333333,0.34245574832253217,0.22348739354343347,0.43405685813403444,0.6723529985044622,0.668697400300534,H,Over,Yes
592862,2021-05-19T17:00:00+00:00,Newcastle,Sheffield Utd,1,0,1.3888888888888888,0.4444444444444444,0.607396238717994,0.2748911834473074,0.11771257783469877,0.2693457782623376,0.2783095393087411,H,Under,No
592860,2021-05-19T17:00:00+00:00,Everton,Wolves,1,0,1.2777777777777777,0.8333333333333334,0.46838318709759486,0.2887295486394635,0.24288726426294172,0.40784793923662727,0.353362685745877,H,Under,No
592864,2021-05-19T17:00:00+00:00,Tottenham,Aston Villa,1,2,1.8888888888888888,1.3333333333333333,0.5047569718393948,0.2243019107251393,0.27094111743546584,0.6250095373028259,0.6246517985990733,A,Over,Yes
592859,2021-05-19T18:00:00+00:00,Crystal Palace,Arsenal,1,3,1.0555555555555556,1.5555555555555556,0.2575210069492478,0.2536023623089425,0.4888766307418097,0.5143762363749802,0.48433643371277707,A,Over,Yes
592857,2021-05-19T19:15:00+00:00,Burnley,Liverpool,0,3,0.7777777777777778,2.0,0.136382934131961,0.2037310539448311,0.6598860119232076,0.46739798450558256,0.5251195174017098,A,Over,No
592865,2021-05-19T19:15:00+00:00,West Brom,West Ham,1,3,0.7777777777777778,1.5,0.19416664329377045,0.2618659961507516,0.5439673605554781,0.4199523769621385,0.3980430360757091,A,Over,Yes
592868,2021-05-23T15:00:00+00:00,Fulham,Newcastle,0,2,0.5,1.0,0.18069022777322458,0.34944072931436865,0.46986904291240683,0.24871989507473596,0.19115225656557422,A,Under,No
592875,2021-05-23T15:00:00+00:00,Wolves,Manchester United,1,2,1.1111111111111112,1.8333333333333333,0.22886476036357498,0.22853795657891746,0.5425972830575077,0.5635443475754943,0.5641927201079742,A,Over,Yes
592871,2021-05-23T15:00:00+00:00,Liverpool,Crystal Palace,2,0,1.5,1.1666666666666667,0.4489430431968891,0.2558445304657568,0.2952124263373543,0.5349448658701946,0.4981592063548382,H,Under,No
592866,2021-05-23T15:00:00+00:00,Arsenal,Brighton,2,0,1.2222222222222223,1.0,0.4119538789272068,0.2872276472645066,0.3008184738082865,0.44591241540961396,0.3832346217424103,H,Under,No
592870,2021-05-23T15:00:00+00:00,Leicester,Tottenham,2,4,1.7777777777777777,1.6111111111111112,0.4215824638939892,0.226103941376362,0.35231359472964874,0.6650457228522904,0.658061332054656,A,Over,Yes
592874,2021-05-23T15:00:00+00:00,West Ham,Southampton,3,0,1.6111111111111112,1.0555555555555556,0.50281750444408,0.2484726558450219,0.24870983971089802,0.5218120596610094,0.4981502021981149,H,Over,No
592872,2021-05-23T15:00:00+00:00,Manchester City,Everton,5,0,2.111111111111111,1.2777777777777777,0.5650271812285494,0.20810548593048384,0.22686733284096697,0.633954407768831,0.6579893792075627,H,Over,No
592873,2021-05-23T15:00:00+00:00,Sheffield Utd,Burnley,1,0,0.6111111111111112,1.0555555555555556,0.21020015997559055,0.33182712175284124,0.4579727182715681,0.29812879697921646,0.23400315068986544,H,Under,No
592869,2021-05-23T15:00:00+00:00,Leeds,West Brom,3,1,1.3888888888888888,1.0555555555555556,0.4453399000697049,0.26895397027782364,0.2857061296524715,0.4894201354336248,0.4418494238956964,H,Over,Yes
592867,2021-05-23T15:00:00+00:00,Aston Villa,Chelsea,2,1,1.5,1.4444444444444444,0.38955762878230393,0.24551574173474208,0.36492662948295396,0.5936155175663104,0.5642275188128669,H,Over,Yes
